{
    "keywords": "free HTML5 game ios ipad iphone tablet mobile desktop browser vector runner remix",
    "description": "Stay on track, avoid obstacles, and collect powercubes in this fast-paced retro platformer.",
    "facebook": {
        "url": "http://games.tresensa.com/spider-game",
        "title": "Spider!",
        "description": "Stay on track, avoid obstacles, and collect powercubes in this fast-paced retro platformer.",
        "image": "web-image.jpg"
    },
    "twitter": {
        "player": "http://games.tresensa.com/spider-game",
        "title": "Spider!",
        "site": "@tresensa",
        "width": "960",
        "height": "536",
        "description": "Stay on track, avoid obstacles, and collect powercubes in this fast-paced retro platformer.",
        "image": "web-image.jpg"
    },
    "kik": {
        "unsupported": "android-2.2,ios-4",
        "more": "https://static.tresensa.com"
    },
    "slug": "spider-game",
    "title": "Spider!"
}